"Time_Iter","Outer_Iter","Inner_Iter",     "rms[P]"     ,     "rms[U]"     ,     "rms[V]"     ,     "rms[k]"     ,     "rms[w]"     
          0,           0,           0,     -0.9767478189,       1.026936993,      -17.85580375,      0.9766158704,       4.833944295
          0,           0,           1,     -0.8052986896,       2.225612873,       1.777019185,       4.242689389,        8.07462795
          0,           0,           2,      -1.109395656,       1.618553027,       1.208544722,       3.642425379,        7.47453143
          0,           0,           3,      -1.031015664,       1.608192757,      0.9752694254,       3.042321317,       6.874595255
          0,           0,           4,      -1.387347581,       1.124032446,       0.904476835,       2.443792934,       6.276401328
          0,           0,           5,      -1.548089128,      0.3987778004,      0.3488765599,       1.847685807,       5.680812447
          0,           0,           6,      -1.639183126,       0.517029988,      0.3830309117,       1.255176335,       5.089153019
          0,           0,           7,      -1.847117169,      0.4433894988,       0.210778453,      0.6726395493,       4.508286103
          0,           0,           8,      -2.052121796,       0.282440429,      0.1433056132,      0.1081246795,       3.946951217
          0,           0,           9,      -2.179594533,      0.2993394417,      0.1389880353,     -0.4272219726,       3.417010912
          0,           0,          10,      -2.259389703,      0.3221209611,      0.1701418011,     -0.9184741845,       2.933745456
          0,           0,          11,       -2.34877719,      0.3366347246,      0.1977910825,        -1.3087384,       2.554962246
          0,           0,          12,       -2.38597647,      0.3676117374,      0.2254069024,      -1.665828027,       2.202154395
          0,           0,          13,      -2.417031007,      0.3870419897,      0.2415896743,      -1.819513329,        2.04253664
          0,           0,          14,      -2.427093885,      0.4040683995,      0.2606492417,      -2.004576006,       1.817991461
          0,           0,          15,      -2.407630317,      0.4201565845,      0.2788623682,      -2.094884717,       1.651229315
          0,           0,          16,      -2.401747354,       0.431863639,      0.2809670774,      -2.104123702,       1.554529575
          0,           0,          17,      -2.396883127,      0.4407624192,      0.2843953159,      -2.088454468,       1.460505416
          0,           0,          18,      -2.372623266,      0.4479198608,      0.2937583788,      -2.050545477,       1.413485448
          0,           0,          19,      -2.342157636,      0.4590135812,      0.3053072264,      -2.009053586,       1.377674933
          0,           0,          20,      -2.338998083,      0.4669077627,       0.303280846,      -1.962769958,       1.349416354
          0,           0,          21,      -2.337348549,        0.47272331,      0.2969361264,      -1.910224669,       1.333285952
          0,           0,          22,      -2.320964773,        0.47873168,      0.2998663733,      -1.856645868,       1.311348582
          0,           0,          23,      -2.331016118,      0.4832399852,      0.2942603228,       -1.79928794,       1.294525615
          0,           0,          24,      -2.325466919,      0.4856806204,      0.2906421751,      -1.742783764,       1.276975403
          0,           0,          25,      -2.299134634,      0.4867594116,      0.2887851122,       -1.68604648,       1.263052987
          0,           0,          26,      -2.316699663,      0.4902331473,       0.282595047,      -1.629203427,       1.255204851
          0,           0,          27,      -2.289491949,      0.4948363265,      0.2856195675,      -1.572620019,       1.243776818
          0,           0,          28,      -2.285549138,      0.5015417744,      0.2821932581,      -1.510557808,       1.233076884
          0,           0,          29,      -2.274250427,      0.5024879111,      0.2796078482,      -1.438720345,       1.222646442
          0,           0,          30,       -2.24615953,      0.4940343142,      0.2905083454,      -1.339585049,       1.215758437
          0,           0,          31,      -2.221948025,      0.4578199342,      0.2988162407,      -1.296114078,       1.105640262
          0,           0,          32,      -2.255947268,      0.3766019356,      0.2779160073,        -1.2832108,      0.9634561375
          0,           0,          33,      -2.412108292,       0.268898831,      0.2197163653,      -1.262040586,      0.8568470487
          0,           0,          34,      -2.672899018,      0.1869907085,      0.1501180645,      -1.216880041,      0.7979954565
          0,           0,          35,      -2.811298161,      0.1473418847,     0.09928220819,      -1.153415886,      0.7652108905
          0,           0,          36,       -2.83333996,      0.1264593422,     0.06253142259,      -1.080721544,      0.7427105348
          0,           0,          37,      -2.881939377,      0.1112444871,     0.02470765003,      -1.003183646,      0.7232276942
          0,           0,          38,      -2.885352316,     0.09834559713,    -0.01568352393,     -0.9231809915,       0.702198667
          0,           0,          39,      -2.819914935,     0.08206514261,     -0.0516549767,     -0.8447091693,      0.6768655877
          0,           0,          40,      -2.760713297,     0.05736859054,    -0.07878253514,     -0.7719753934,      0.6564734708
          0,           0,          41,      -2.747936736,     0.02276311021,     -0.1016884066,     -0.7066563324,       0.617209895
          0,           0,          42,       -2.78224334,    -0.01929882857,     -0.1283476686,      -0.647118694,      0.5700326635
          0,           0,          43,      -2.844099734,     -0.0633146096,     -0.1634330458,     -0.5920765166,      0.5325016799
          0,           0,          44,      -2.917382795,     -0.1066723997,     -0.2074172776,     -0.5401018295,      0.4947090021
          0,           0,          45,       -2.98930625,     -0.1494749326,     -0.2585900476,     -0.4905355175,       0.452381076
          0,           0,          46,      -3.053023361,     -0.1929748145,     -0.3141488383,     -0.4433289697,      0.4086961748
          0,           0,          47,      -3.109829676,     -0.2384252552,     -0.3715260395,     -0.3984823805,      0.3610385266
          0,           0,          48,      -3.162075372,     -0.2864493092,     -0.4280639012,     -0.3564494999,      0.3119071855
          0,           0,          49,      -3.214770896,     -0.3369955971,     -0.4816388643,     -0.3169873943,      0.2681139268
          0,           0,          50,      -3.271560258,     -0.3893392157,     -0.5303741928,     -0.2803587452,      0.2286577169
          0,           0,          51,      -3.334667073,     -0.4421053609,     -0.5731500126,     -0.2466837869,      0.1903999251
          0,           0,          52,       -3.40340651,     -0.4931495549,     -0.6097864017,     -0.2155270406,      0.1541960839
          0,           0,          53,      -3.473441235,     -0.5401501257,     -0.6411802452,     -0.1864409656,      0.1192196017
          0,           0,          54,      -3.545316426,     -0.5820654481,     -0.6685629677,     -0.1590717293,     0.08789475129
          0,           0,          55,      -3.621755277,     -0.6190655045,       -0.69405715,     -0.1328879998,     0.06274028241
          0,           0,          56,      -3.694371892,     -0.6521384545,      -0.719429794,     -0.1072987735,     0.04206581972
          0,           0,          57,      -3.759002751,     -0.6830487677,     -0.7459666808,    -0.08229723597,     0.02565236532
          0,           0,          58,      -3.811890055,      -0.713233569,     -0.7743150778,    -0.05795148554,     0.01494414371
          0,           0,          59,      -3.850253224,     -0.7435434094,     -0.8045745733,    -0.03429637083,    0.007432992186
          0,           0,          60,      -3.873199249,     -0.7741508868,     -0.8364084316,    -0.01148790121,    0.001749741678
          0,           0,          61,      -3.881549793,     -0.8047567041,     -0.8690394215,     0.01037930348,   -0.002804689175
          0,           0,          62,      -3.877335805,     -0.8346387481,     -0.9013800847,     0.03118201535,   -0.006375590703
          0,           0,          63,      -3.864833443,      -0.862813883,     -0.9321497195,     0.05086979886,   -0.009686076331
          0,           0,          64,      -3.845597635,     -0.8880854923,     -0.9601711002,     0.06939618363,    -0.01139510874
          0,           0,          65,      -3.821867525,     -0.9095111716,     -0.9841923617,     0.08680089745,    -0.01219797656
          0,           0,          66,      -3.804311334,     -0.9266033293,      -1.003359449,      0.1032231826,    -0.01258588684
          0,           0,          67,       -3.78097415,     -0.9385557672,      -1.018679608,      0.1184669741,    -0.01050816085
          0,           0,          68,      -3.747368543,     -0.9455949747,      -1.029305278,       0.132666256,   -0.007643484044
          0,           0,          69,         -3.716331,      -0.947967643,      -1.036484504,      0.1457341154,   -0.003126021022
          0,           0,          70,      -3.685452359,     -0.9460854819,      -1.040645916,      0.1577459364,    0.001228541792
          0,           0,          71,      -3.656817218,     -0.9409204172,      -1.042391891,      0.1687700751,    0.004990783482
          0,           0,          72,       -3.63062486,     -0.9332024557,      -1.042387131,      0.1788407582,    0.008905985527
          0,           0,          73,      -3.604529239,     -0.9234690812,      -1.041182345,      0.1879371591,     0.01392745294
          0,           0,          74,      -3.578720414,     -0.9123422787,      -1.038704424,      0.1960769054,     0.01925305401
          0,           0,          75,       -3.55456024,     -0.9002155922,      -1.035273071,      0.2032352454,     0.02458078992
          0,           0,          76,      -3.531702932,     -0.8873964186,      -1.030913608,      0.2094255791,     0.03001247183
          0,           0,          77,      -3.512362108,     -0.8744552467,       -1.02529186,      0.2147524835,     0.03407789069
          0,           0,          78,      -3.493792888,     -0.8611017448,      -1.019820985,      0.2190065886,     0.04022069639
          0,           0,          79,      -3.473875154,     -0.8477147378,      -1.013367599,      0.2222504533,     0.04663492187
          0,           0,          80,      -3.455681361,     -0.8345179989,      -1.006565811,      0.2243525432,     0.05271952957
          0,           0,          81,      -3.440279083,     -0.8218183903,     -0.9988641221,      0.2254399874,     0.05670859759
          0,           0,          82,      -3.426587832,     -0.8094717137,     -0.9916075756,      0.2252982013,      0.0619436189
          0,           0,          83,      -3.416599759,     -0.7983477243,     -0.9828560032,      0.2243326404,     0.06465768218
          0,           0,          84,      -3.411843274,     -0.7881101923,     -0.9751892947,      0.2222000171,     0.06839259253
          0,           0,          85,      -3.403324654,     -0.7780558519,     -0.9688083564,      0.2185688966,     0.07237727514
          0,           0,          86,      -3.393736932,     -0.7691076443,     -0.9617925517,      0.2135930975,     0.07606620677
          0,           0,          87,      -3.387420202,     -0.7611398917,     -0.9555872108,      0.2070247967,     0.07879295631
          0,           0,          88,      -3.381146421,     -0.7540197022,     -0.9500350744,      0.1988773679,     0.08122340461
          0,           0,          89,      -3.375652732,     -0.7481506881,     -0.9449719471,      0.1891497169,      0.0827616656
          0,           0,          90,      -3.371970614,     -0.7436007134,     -0.9406540523,      0.1778642279,     0.08309851786
          0,           0,          91,      -3.369983064,     -0.7404559659,     -0.9371509851,       0.165099526,     0.08230099025
          0,           0,          92,      -3.369805242,      -0.738813425,     -0.9345966728,      0.1508931731,     0.08039197115
          0,           0,          93,      -3.371552763,     -0.7387465132,     -0.9330626434,      0.1353198543,     0.07738049416
          0,           0,          94,      -3.376958595,      -0.740629316,     -0.9321701197,       0.118742896,     0.07191995622
          0,           0,          95,      -3.384500532,     -0.7438998761,     -0.9333892798,      0.1007494188,     0.06645216237
          0,           0,          96,       -3.39415851,      -0.749292285,     -0.9347013644,     0.08216263022,      0.0588985332
          0,           0,          97,      -3.416765561,     -0.7579848573,     -0.9360186738,     0.06394482248,     0.06593984015
          0,           0,          98,      -3.438685235,      -0.766455921,     -0.9433275556,     0.04327887805,     0.04237113575
          0,           0,          99,      -3.449369502,      -0.776596021,     -0.9489995621,     0.02230847499,      0.0298869917
          0,           0,         100,      -3.468772369,     -0.7884980522,     -0.9573545624,   1.916817084e-05,     0.01715836647
          0,           0,         101,      -3.485658897,     -0.8013886056,     -0.9662815655,    -0.02280049651,     0.00297842002
          0,           0,         102,      -3.505563491,     -0.8160623328,     -0.9767055617,    -0.04622401127,    -0.01215457531
          0,           0,         103,      -3.526284854,     -0.8321274271,     -0.9882272102,     -0.0699535025,    -0.02844651563
          0,           0,         104,      -3.549217306,     -0.8498090168,       -1.00103864,    -0.09392805212,    -0.04590613542
          0,           0,         105,      -3.573575309,     -0.8689375809,       -1.01503384,     -0.1180092708,    -0.06452310686
          0,           0,         106,      -3.599816971,     -0.8895506527,      -1.030263364,     -0.1421217035,    -0.08413919751
          0,           0,         107,      -3.627618946,     -0.9115420338,       -1.04666637,     -0.1661851785,     -0.1047068856
          0,           0,         108,      -3.657143742,     -0.9348817907,      -1.064240952,     -0.1901352376,      -0.126156099
          0,           0,         109,      -3.688200763,      -0.959482382,       -1.08294003,     -0.2139172916,     -0.1484695311
          0,           0,         110,      -3.720846462,     -0.9852898515,       -1.10273588,     -0.2374802818,     -0.1715174535
          0,           0,         111,       -3.75500333,      -1.012226094,      -1.123584142,     -0.2607604438,     -0.1951790827
          0,           0,         112,      -3.790703347,      -1.040224044,      -1.145446007,     -0.2837068073,     -0.2193941111
          0,           0,         113,      -3.827933085,      -1.069202514,       -1.16827513,      -0.306260594,     -0.2440851875
          0,           0,         114,      -3.866740741,      -1.099080627,      -1.192026939,     -0.3283281696,     -0.2691677954
          0,           0,         115,      -3.907167153,      -1.129763772,      -1.216651915,     -0.3499101128,     -0.2945317252
          0,           0,         116,      -3.949295534,      -1.161146205,      -1.242098464,     -0.3709361047,     -0.3199972085
          0,           0,         117,      -3.993223643,      -1.193103906,      -1.268309581,     -0.3913346015,      -0.345403854
          0,           0,         118,      -4.039088395,      -1.225491575,      -1.295223161,     -0.4110501515,     -0.3706426561
          0,           0,         119,       -4.08705625,      -1.258135666,      -1.322769574,     -0.4300184114,     -0.3955370954
          0,           0,         120,      -4.137339578,      -1.290830968,      -1.350870354,     -0.4481893013,     -0.4198837329
          0,           0,         121,      -4.190198684,       -1.32333735,      -1.379436478,     -0.4655263793,     -0.4434963726
          0,           0,         122,       -4.24595551,      -1.355377242,      -1.408366437,     -0.4820062939,     -0.4663260904
          0,           0,         123,      -4.305001354,      -1.386635705,      -1.437544644,     -0.4976183305,     -0.4881857908
          0,           0,         124,      -4.367808767,       -1.41676365,      -1.466840728,     -0.5123594961,     -0.5089382433
          0,           0,         125,      -4.434927705,      -1.445390986,      -1.496105197,     -0.5262413569,     -0.5285191573
          0,           0,         126,      -4.506968033,      -1.472145855,      -1.525171863,     -0.5392854868,     -0.5467332798
          0,           0,         127,      -4.584491917,      -1.496678309,       -1.55385885,     -0.5515281788,     -0.5636009944
          0,           0,         128,      -4.667698942,      -1.518689742,       -1.58197074,     -0.5630175068,     -0.5791490832
          0,           0,         129,      -4.755594953,      -1.537959303,      -1.609301205,     -0.5738040902,      -0.593367652
          0,           0,         130,      -4.843994614,      -1.554371758,      -1.635639525,      -0.583950676,     -0.6062516553
          0,           0,         131,      -4.922009956,      -1.567927034,      -1.660777882,     -0.5935218373,     -0.6178538943
          0,           0,         132,      -4.970861823,      -1.578739556,      -1.684521733,     -0.6025801764,     -0.6281021684
          0,           0,         133,       -4.97589646,      -1.587020939,       -1.70670001,     -0.6111944514,     -0.6370922019
          0,           0,         134,      -4.943670539,      -1.593051067,      -1.727175064,     -0.6193922405,      -0.644879105
          0,           0,         135,       -4.89364569,      -1.597152914,      -1.745851537,     -0.6272806834,     -0.6517523421
          0,           0,         136,      -4.840474256,      -1.599663973,      -1.762681814,      -0.634916224,     -0.6578166816
          0,           0,         137,      -4.790751342,      -1.600913694,      -1.777668879,     -0.6423379363,     -0.6631638834
          0,           0,         138,      -4.746492927,      -1.601200781,      -1.790866335,     -0.6495745478,     -0.6678010782
          0,           0,         139,      -4.707837392,       -1.60079276,      -1.802368117,     -0.6566849322,     -0.6719723672
          0,           0,         140,      -4.674299056,      -1.599918003,      -1.812304192,     -0.6637017661,     -0.6756950409
          0,           0,         141,      -4.645243548,       -1.59876773,      -1.820835903,     -0.6706545022,     -0.6791775058
          0,           0,         142,      -4.620066322,      -1.597494525,      -1.828134214,     -0.6775691133,     -0.6825999824
          0,           0,         143,      -4.598231995,      -1.596219164,      -1.834374431,     -0.6844642882,     -0.6858986905
          0,           0,         144,      -4.579285652,      -1.595035319,      -1.839729071,     -0.6913576983,     -0.6889932454
          0,           0,         145,      -4.562842098,      -1.594015998,      -1.844359244,     -0.6982625991,     -0.6918301462
          0,           0,         146,        -4.5485798,      -1.593214654,        -1.8484127,     -0.7051912557,     -0.6945703336
          0,           0,         147,      -4.536232114,      -1.592669408,       -1.85202047,     -0.7121554576,     -0.6973355862
          0,           0,         148,      -4.525578067,      -1.592408736,      -1.855297946,     -0.7191622566,     -0.7001402892
          0,           0,         149,      -4.516432796,      -1.592451027,      -1.858345322,     -0.7262178799,     -0.7031117498
          0,           0,         150,       -4.50863821,      -1.592807082,       -1.86124697,     -0.7333217713,     -0.7062549151
          0,           0,         151,      -4.502059574,      -1.593483166,      -1.864072909,     -0.7404804939,     -0.7094284254
          0,           0,         152,      -4.496577404,      -1.594479476,      -1.866881948,     -0.7476967626,     -0.7126137284
          0,           0,         153,       -4.49209231,      -1.595793811,      -1.869720977,     -0.7549725854,       -0.71575381
          0,           0,         154,      -4.488514371,       -1.59742432,      -1.872627506,     -0.7623095591,     -0.7189351291
          0,           0,         155,      -4.485772963,      -1.599365601,      -1.875633402,     -0.7697093875,     -0.7222634783
          0,           0,         156,      -4.483802887,       -1.60161174,      -1.878763156,      -0.777172148,      -0.725680156
          0,           0,         157,       -4.48255106,      -1.604157113,      -1.882037101,     -0.7846992853,     -0.7292521561
          0,           0,         158,       -4.48196825,      -1.606993165,      -1.885471332,      -0.792285227,     -0.7329569019
          0,           0,         159,       -4.48200526,      -1.610111925,      -1.889076238,     -0.7999316592,     -0.7368905135
          0,           0,         160,      -4.482622344,      -1.613506079,       -1.89286057,      -0.807639694,     -0.7410108693
          0,           0,         161,      -4.483784052,      -1.617167281,      -1.896831113,     -0.8154079554,     -0.7452888523
          0,           0,         162,      -4.485460628,      -1.621087411,      -1.900992897,      -0.823234976,     -0.7496630952
          0,           0,         163,       -4.48762446,      -1.625258177,      -1.905349919,     -0.8311158603,     -0.7541632446
          0,           0,         164,      -4.490249458,      -1.629670677,      -1.909905121,     -0.8390439457,     -0.7588173284
          0,           0,         165,      -4.493310655,      -1.634315808,      -1.914659935,     -0.8470149534,     -0.7635880009
          0,           0,         166,      -4.496784777,      -1.639184568,      -1.919614378,      -0.855024942,      -0.768465112
          0,           0,         167,      -4.500650871,      -1.644268221,      -1.924767897,     -0.8630731796,     -0.7734454524
          0,           0,         168,      -4.504885878,      -1.649557991,       -1.93011864,     -0.8711537196,      -0.778542855
          0,           0,         169,      -4.509470277,      -1.655045965,      -1.935663822,     -0.8792649938,     -0.7837589085
          0,           0,         170,      -4.514386514,      -1.660725001,      -1.941400584,     -0.8874068008,     -0.7890700477
          0,           0,         171,      -4.519620411,       -1.66658956,      -1.947325885,     -0.8955775679,     -0.7944674899
          0,           0,         172,      -4.525158761,      -1.672634173,      -1.953436185,     -0.9037764131,     -0.8000558633
          0,           0,         173,      -4.530990354,      -1.678852734,      -1.959728313,     -0.9120000622,     -0.8058589082
          0,           0,         174,      -4.537103919,      -1.685238957,      -1.966199478,     -0.9202475151,      -0.811818184
          0,           0,         175,      -4.543489504,      -1.691787277,      -1.972847133,     -0.9285184994,     -0.8179473484
          0,           0,         176,      -4.550137238,      -1.698492154,      -1.979667531,     -0.9368107732,     -0.8242235447
          0,           0,         177,      -4.557037286,      -1.705347339,      -1.986659312,     -0.9451198785,     -0.8306097924
          0,           0,         178,      -4.564183507,      -1.712347539,      -1.993818922,     -0.9534425515,     -0.8371030573
          0,           0,         179,      -4.571566424,      -1.719486521,      -2.001141394,     -0.9617767033,     -0.8436968927
          0,           0,         180,      -4.579178562,      -1.726758242,      -2.008621789,     -0.9701198416,     -0.8504709312
          0,           0,         181,      -4.587011736,      -1.734157348,      -2.016255085,     -0.9784669663,     -0.8572977023
          0,           0,         182,      -4.595059475,      -1.741678434,      -2.024036896,     -0.9868125118,     -0.8642409301
          0,           0,         183,      -4.603315671,      -1.749315962,      -2.031962775,     -0.9951558103,     -0.8712907948
          0,           0,         184,      -4.611775255,      -1.757064935,      -2.040028302,      -1.003497954,       -0.87844321
          0,           0,         185,      -4.620432713,      -1.764920818,      -2.048229016,      -1.011836411,     -0.8856668053
          0,           0,         186,      -4.629284376,      -1.772879499,      -2.056560775,      -1.020173587,      -0.892948767
          0,           0,         187,      -4.638326395,      -1.780936192,      -2.065019792,      -1.028505782,     -0.9002930882
          0,           0,         188,      -4.647555516,      -1.789086843,      -2.073602607,      -1.036826862,     -0.9076791227
          0,           0,         189,      -4.656969459,      -1.797328264,      -2.082306073,      -1.045137441,     -0.9150739053
          0,           0,         190,      -4.666566283,      -1.805657855,      -2.091127293,      -1.053440243,     -0.9225194017
          0,           0,         191,      -4.676345055,      -1.814072225,      -2.100062965,      -1.061735165,     -0.9300571223
          0,           0,         192,      -4.686305507,      -1.822568591,      -2.109110087,      -1.070019603,     -0.9376867649
          0,           0,         193,       -4.69644841,      -1.831144704,      -2.118267143,       -1.07829359,     -0.9454089116
          0,           0,         194,      -4.706775952,      -1.839797392,      -2.127533783,      -1.086557976,     -0.9532341287
          0,           0,         195,      -4.717291268,      -1.848522334,      -2.136910419,      -1.094805174,     -0.9610838084
          0,           0,         196,      -4.727997957,      -1.857315945,      -2.146397535,       -1.10303562,     -0.9689250546
          0,           0,         197,      -4.738899233,      -1.866174184,      -2.155996358,      -1.111251939,     -0.9767282597
          0,           0,         198,      -4.749997315,      -1.875091075,       -2.16570865,      -1.119453591,     -0.9845121434
          0,           0,         199,      -4.761293323,      -1.884060295,       -2.17553624,      -1.127637382,     -0.9922880726
          0,           0,         200,      -4.772789436,      -1.893076081,      -2.185480286,       -1.13578724,      -1.000056369
          0,           0,         201,      -4.784488414,      -1.902132795,       -2.19554163,      -1.143899195,      -1.007856497
          0,           0,         202,      -4.796390023,       -1.91122312,      -2.205717191,      -1.151991321,      -1.015710488
          0,           0,         203,      -4.808496655,      -1.920339413,      -2.216004244,      -1.160032215,      -1.023492929
          0,           0,         204,      -4.820809909,      -1.929474982,      -2.226400821,      -1.168031756,      -1.031262874
          0,           0,         205,      -4.833331876,      -1.938623835,       -2.23690217,      -1.175989533,      -1.038936593
          0,           0,         206,      -4.846065897,      -1.947781314,      -2.247503141,      -1.183885683,      -1.046481543
          0,           0,         207,      -4.859015886,       -1.95694324,      -2.258196515,      -1.191711518,      -1.053905538
          0,           0,         208,      -4.872185136,      -1.966106468,      -2.268974775,      -1.199492189,      -1.061253513
          0,           0,         209,        -4.8855777,      -1.975268645,      -2.279830309,      -1.207210452,      -1.068425805
          0,           0,         210,      -4.899197914,      -1.984428499,      -2.290763272,      -1.214860485,      -1.075488908
          0,           0,         211,      -4.913050551,      -1.993583608,      -2.301775919,      -1.222430347,      -1.082354943
          0,           0,         212,       -4.92713773,      -2.002733997,      -2.312871321,      -1.229929456,      -1.089050171
          0,           0,         213,      -4.941463395,      -2.011877347,      -2.324055484,      -1.237359202,      -1.095468899
          0,           0,         214,      -4.956030219,      -2.021010127,      -2.335332222,      -1.244732014,       -1.10174373
          0,           0,         215,      -4.970839184,      -2.030128909,      -2.346701354,      -1.252042011,      -1.107858473
          0,           0,         216,      -4.985889774,      -2.039228905,      -2.358167929,      -1.259260014,      -1.113775815
          0,           0,         217,      -5.001183351,      -2.048303993,      -2.369730971,      -1.266408467,      -1.119576175
          0,           0,         218,      -5.016718935,      -2.057349968,      -2.381382801,      -1.273478547,      -1.125222135
          0,           0,         219,       -5.03250238,      -2.066362513,      -2.393116748,      -1.280476581,      -1.130649529
          0,           0,         220,      -5.048539096,      -2.075337641,      -2.404922198,      -1.287427301,      -1.135997062
          0,           0,         221,      -5.064832391,       -2.08426845,      -2.416783944,      -1.294308946,      -1.141196812
          0,           0,         222,      -5.081385586,       -2.09314969,      -2.428700349,      -1.301093937,      -1.146281854
          0,           0,         223,      -5.098205329,      -2.101976091,      -2.440667272,       -1.30781939,      -1.151445486
          0,           0,         224,      -5.115296299,      -2.110741063,       -2.45267875,       -1.31449488,      -1.156502989
          0,           0,         225,      -5.132667805,      -2.119436584,      -2.464735871,      -1.321095044,      -1.161316041
          0,           0,         226,        -5.1503303,      -2.128057059,      -2.476831842,      -1.327628089,      -1.165941494
          0,           0,         227,      -5.168291472,       -2.13659407,      -2.488948809,      -1.334088467,      -1.170505398
          0,           0,         228,      -5.186555907,      -2.145040686,      -2.501076496,      -1.340468279,      -1.174947811
          0,           0,         229,      -5.205133097,      -2.153391727,      -2.513209987,      -1.346800678,      -1.179533342
          0,           0,         230,      -5.224028355,      -2.161638602,      -2.525335873,      -1.353057234,      -1.184051874
          0,           0,         231,      -5.243249662,      -2.169782446,       -2.53744426,      -1.359218323,      -1.188534246
          0,           0,         232,      -5.262811764,      -2.177816127,      -2.549527723,      -1.365304972,      -1.192976011
          0,           0,         233,      -5.282713358,      -2.185741867,      -2.561556764,      -1.371329253,      -1.197569646
          0,           0,         234,      -5.302964813,      -2.193555437,      -2.573513785,      -1.377293755,      -1.201947535
          0,           0,         235,      -5.323567894,      -2.201252831,       -2.58540486,      -1.383190386,      -1.206283672
          0,           0,         236,      -5.344512587,      -2.208826457,      -2.597227622,      -1.388987229,      -1.210444126
          0,           0,         237,      -5.365782434,       -2.21627899,      -2.608976781,      -1.394693116,      -1.214554457
          0,           0,         238,      -5.387379354,        -2.2236124,      -2.620646046,       -1.40035498,      -1.219141707
          0,           0,         239,      -5.409289308,      -2.230813539,      -2.632227177,      -1.405958279,       -1.22404431
          0,           0,         240,      -5.431475764,      -2.237887071,      -2.643705855,      -1.411477433,      -1.229400643
          0,           0,         241,      -5.453904733,      -2.244831999,      -2.655077573,      -1.416899839,      -1.234270014
          0,           0,         242,      -5.476515189,      -2.251649361,      -2.666352491,      -1.422258335,      -1.239033419
          0,           0,         243,      -5.499230001,      -2.258323953,      -2.677534752,      -1.427567181,      -1.244181654
          0,           0,         244,      -5.521952685,      -2.264872591,      -2.688607693,      -1.432826045,      -1.249555118
          0,           0,         245,      -5.544614666,      -2.271294228,      -2.699565836,      -1.438019541,      -1.254258056
          0,           0,         246,      -5.567071113,      -2.277569543,      -2.710400587,      -1.443144845,      -1.258215775
          0,           0,         247,      -5.589130302,      -2.283720468,      -2.721085034,      -1.448206458,      -1.262280666
          0,           0,         248,      -5.610653536,      -2.289744416,      -2.731600272,      -1.453237389,      -1.266339333
          0,           0,         249,      -5.631434041,      -2.295635439,      -2.741926492,      -1.458227323,      -1.270083637
          0,           0,         250,      -5.651241897,      -2.301384136,      -2.752034495,      -1.463163296,      -1.273618313
          0,           0,         251,      -5.669832841,      -2.307016827,      -2.761878624,      -1.468041187,      -1.276666245
          0,           0,         252,      -5.686989638,      -2.312531232,      -2.771425638,      -1.472928472,      -1.279526816
          0,           0,         253,      -5.702449899,      -2.317926692,      -2.780664923,      -1.477846474,      -1.282954711
          0,           0,         254,      -5.715984374,      -2.323181149,      -2.789601057,      -1.482768892,      -1.286194224
          0,           0,         255,      -5.727353073,      -2.328321604,      -2.798196051,       -1.48768029,      -1.289360475
          0,           0,         256,      -5.736450267,      -2.333353591,      -2.806460373,      -1.492585892,      -1.292238893
          0,           0,         257,      -5.743068276,      -2.338260864,      -2.814422708,      -1.497488644,      -1.295213595
          0,           0,         258,      -5.747058945,      -2.343032171,      -2.822089974,      -1.502350729,      -1.298653719
          0,           0,         259,      -5.748357152,      -2.347645347,      -2.829428371,      -1.507147424,       -1.30153464
          0,           0,         260,      -5.746892522,      -2.352107463,      -2.836379542,      -1.511860146,      -1.304156856
          0,           0,         261,      -5.742890148,      -2.356410583,      -2.842944136,      -1.516489928,      -1.306948105
          0,           0,         262,      -5.736491892,      -2.360544817,      -2.849112139,      -1.521016773,      -1.309667879
          0,           0,         263,      -5.727914459,      -2.364497495,      -2.854845135,      -1.525420011,      -1.312337533
          0,           0,         264,      -5.717415595,      -2.368253012,       -2.86011389,      -1.529675002,      -1.314509935
          0,           0,         265,      -5.705202906,      -2.371805176,      -2.864851835,      -1.533772304,      -1.316713352
          0,           0,         266,      -5.691568192,      -2.375152516,      -2.869018227,      -1.537701338,      -1.318948892
          0,           0,         267,      -5.676764958,      -2.378290162,      -2.872568781,      -1.541456439,      -1.321087207
          0,           0,         268,      -5.660993275,      -2.381220684,      -2.875458219,      -1.545026941,      -1.323468552
          0,           0,         269,      -5.644464392,      -2.383946716,      -2.877628258,      -1.548393152,      -1.325524194
          0,           0,         270,      -5.627371467,      -2.386460379,      -2.879043654,      -1.551552593,      -1.327313039
          0,           0,         271,      -5.609885249,      -2.388766851,      -2.879745005,      -1.554505728,      -1.328547212
          0,           0,         272,      -5.592136976,      -2.390852137,      -2.879738976,      -1.557235694,      -1.329104794
          0,           0,         273,      -5.574234553,      -2.392715206,      -2.878964694,       -1.55974763,      -1.329741084
          0,           0,         274,      -5.556339758,      -2.394366459,      -2.877449065,      -1.562046178,      -1.330597108
          0,           0,         275,      -5.538540827,      -2.395816156,      -2.875227161,      -1.564133446,      -1.331772732
          0,           0,         276,      -5.520908066,      -2.397061636,      -2.872324472,      -1.566009702,      -1.332929278
          0,           0,         277,      -5.503529301,      -2.398104159,      -2.868778166,      -1.567683886,      -1.334043626
          0,           0,         278,      -5.486462808,      -2.398950465,      -2.864670049,      -1.569162324,      -1.335054142
          0,           0,         279,       -5.46974693,      -2.399601313,      -2.860042773,      -1.570453176,      -1.336100857
          0,           0,         280,      -5.453426423,      -2.400062971,      -2.854956876,      -1.571556849,      -1.336670335
          0,           0,         281,      -5.437525027,      -2.400339246,       -2.84944817,      -1.572480303,      -1.337386555
          0,           0,         282,       -5.42206912,      -2.400437891,      -2.843551671,      -1.573231137,      -1.338138848
          0,           0,         283,      -5.407075029,      -2.400372127,      -2.837318253,      -1.573818114,      -1.338977892
          0,           0,         284,      -5.392539682,      -2.400149628,      -2.830788179,      -1.574250961,      -1.339825313
          0,           0,         285,      -5.378468704,      -2.399783738,      -2.823985513,       -1.57453779,      -1.340760516
          0,           0,         286,      -5.364865215,      -2.399274819,      -2.816933597,      -1.574684922,      -1.341334429
          0,           0,         287,      -5.351728386,      -2.398618969,      -2.809703341,      -1.574691558,      -1.341805671
          0,           0,         288,      -5.339048204,      -2.397818395,      -2.802325114,      -1.574565103,       -1.34264198
          0,           0,         289,      -5.326817754,      -2.396883207,      -2.794821528,       -1.57431043,      -1.343743931
          0,           0,         290,      -5.315025358,      -2.395821268,      -2.787226604,      -1.573931692,      -1.344598755
          0,           0,         291,      -5.303652528,      -2.394639656,      -2.779576706,      -1.573429365,      -1.344997042
          0,           0,         292,      -5.292680285,      -2.393342864,      -2.771894983,      -1.572800906,      -1.344803757
          0,           0,         293,        -5.2820867,      -2.391937323,      -2.764206658,      -1.572055038,      -1.344210087
          0,           0,         294,      -5.271852346,      -2.390425753,      -2.756532394,      -1.571195636,      -1.343686514
          0,           0,         295,      -5.261957792,      -2.388811342,      -2.748888131,      -1.570223583,      -1.343670727
          0,           0,         296,      -5.252383914,      -2.387095774,       -2.74128874,      -1.569140216,      -1.343794224
          0,           0,         297,      -5.243111034,      -2.385282121,      -2.733748617,      -1.567947834,      -1.344049494
          0,           0,         298,      -5.234120104,      -2.383373847,      -2.726282569,      -1.566652477,      -1.343783801
          0,           0,         299,      -5.225393284,      -2.381372932,      -2.718902917,       -1.56525233,       -1.34344182
          0,           0,         300,      -5.216913295,       -2.37928147,      -2.711615299,      -1.563754319,      -1.342520179
          0,           0,         301,       -5.20866492,      -2.377105328,      -2.704428117,      -1.562167252,      -1.341873946
          0,           0,         302,      -5.200634813,      -2.374849395,      -2.697345594,      -1.560498063,      -1.341446008
          0,           0,         303,      -5.192811198,      -2.372519367,      -2.690374655,      -1.558753037,       -1.34100211
          0,           0,         304,      -5.185184123,      -2.370120144,      -2.683518555,      -1.556939802,      -1.340717557
          0,           0,         305,        -5.1777454,      -2.367656576,      -2.676778529,      -1.555068201,      -1.340363759
          0,           0,         306,      -5.170489562,      -2.365135922,      -2.670157977,      -1.553148669,      -1.339947815
          0,           0,         307,      -5.163411839,      -2.362566075,      -2.663660701,      -1.551192348,       -1.33943235
          0,           0,         308,      -5.156508978,      -2.359956052,      -2.657288522,      -1.549209886,      -1.338798124
          0,           0,         309,      -5.149780524,      -2.357315663,      -2.651043104,      -1.547212021,       -1.33832542
          0,           0,         310,      -5.143227302,      -2.354655059,      -2.644928474,      -1.545208913,      -1.337964547
          0,           0,         311,      -5.136851409,       -2.35198579,      -2.638948949,      -1.543212965,      -1.337750915
          0,           0,         312,      -5.130656197,      -2.349318527,      -2.633108109,      -1.541236298,      -1.337423613
          0,           0,         313,      -5.124645461,      -2.346664833,      -2.627408671,      -1.539292084,      -1.337024122
          0,           0,         314,      -5.118823133,      -2.344036288,      -2.621853942,      -1.537392544,      -1.336628032
          0,           0,         315,      -5.113193789,      -2.341443905,      -2.616447032,      -1.535548529,      -1.336338658
          0,           0,         316,      -5.107762276,       -2.33889933,      -2.611191357,      -1.533770872,      -1.336200873
          0,           0,         317,      -5.102533992,      -2.336413644,      -2.606091746,      -1.532070675,      -1.336199722
          0,           0,         318,      -5.097513637,      -2.333998082,      -2.601152968,      -1.530458338,      -1.336331202
          0,           0,         319,      -5.092706811,      -2.331664039,      -2.596379862,      -1.528943499,      -1.336581812
          0,           0,         320,      -5.088118074,       -2.32942234,      -2.591776223,      -1.527535121,      -1.336955185
          0,           0,         321,      -5.083751759,       -2.32728334,      -2.587345319,      -1.526239966,      -1.337374442
          0,           0,         322,      -5.079613447,      -2.325256643,      -2.583091325,      -1.525067345,      -1.338038867
          0,           0,         323,      -5.075705941,      -2.323350765,      -2.579018291,      -1.524022797,       -1.33872942
          0,           0,         324,      -5.072032102,      -2.321573408,      -2.575129911,      -1.523111794,      -1.339523853
          0,           0,         325,      -5.068594749,      -2.319932574,      -2.571429218,      -1.522337649,      -1.340447305
          0,           0,         326,      -5.065396524,      -2.318435094,      -2.567919537,      -1.521704078,       -1.34148305
          0,           0,         327,      -5.062438933,      -2.317086734,      -2.564603534,      -1.521213845,      -1.342636072
          0,           0,         328,      -5.059722825,      -2.315892451,      -2.561483228,      -1.520867499,      -1.343925624
          0,           0,         329,      -5.057248102,      -2.314856252,      -2.558560559,      -1.520666691,      -1.345360616
          0,           0,         330,      -5.055014163,      -2.313981604,      -2.555836789,      -1.520610633,      -1.347236373
          0,           0,         331,      -5.053020236,      -2.313271396,        -2.5533128,      -1.520699475,       -1.34878601
          0,           0,         332,      -5.051264108,      -2.312726689,      -2.550989288,      -1.520932243,      -1.350490103
          0,           0,         333,      -5.049743115,      -2.312347695,      -2.548866424,      -1.521306352,      -1.352449546
          0,           0,         334,       -5.04845369,      -2.312133748,      -2.546943605,      -1.521819637,      -1.354604406
          0,           0,         335,      -5.047391647,      -2.312083791,      -2.545219867,      -1.522469436,      -1.356924447
          0,           0,         336,      -5.046551897,      -2.312196239,      -2.543693456,      -1.523252418,      -1.359392743
          0,           0,         337,      -5.045928783,      -2.312468095,      -2.542361781,      -1.524165393,      -1.362008512
          0,           0,         338,      -5.045516532,        -2.3128963,      -2.541222043,       -1.52520518,      -1.364769111
          0,           0,         339,      -5.045309041,      -2.313478048,      -2.540271318,      -1.526368396,      -1.367696769
          0,           0,         340,      -5.045299814,      -2.314210108,      -2.539506087,      -1.527651781,      -1.370761135
          0,           0,         341,      -5.045481798,      -2.315089481,      -2.538922448,      -1.529052615,      -1.373997595
          0,           0,         342,      -5.045848183,      -2.316111621,      -2.538516415,      -1.530568139,      -1.377394974
          0,           0,         343,      -5.046394138,       -2.31727291,      -2.538283969,      -1.532195489,      -1.380935612
          0,           0,         344,      -5.047113103,      -2.318569569,      -2.538219743,      -1.533932584,      -1.384592595
          0,           0,         345,      -5.048001164,      -2.319997887,      -2.538319295,       -1.53577706,      -1.388365379
          0,           0,         346,      -5.049051603,      -2.321554187,      -2.538578094,      -1.537727043,      -1.392269642
          0,           0,         347,      -5.050258514,      -2.323235286,      -2.538991651,      -1.539781528,      -1.396313927
          0,           0,         348,      -5.051616568,      -2.325038212,      -2.539555195,      -1.541939724,      -1.400499358
          0,           0,         349,      -5.053121417,      -2.326960211,       -2.54026397,      -1.544200761,      -1.404816191
          0,           0,         350,      -5.054770227,      -2.329000443,      -2.541114682,      -1.546563936,      -1.409268831
          0,           0,         351,      -5.056560403,      -2.331157351,      -2.542104849,      -1.549029563,      -1.413842568
          0,           0,         352,      -5.058486418,       -2.33342956,      -2.543230255,      -1.551597962,      -1.418541999
          0,           0,         353,      -5.060549847,      -2.335816474,      -2.544488165,      -1.554269528,      -1.423353688
          0,           0,         354,      -5.062749349,      -2.338317601,      -2.545876112,      -1.557044884,      -1.428264217
          0,           0,         355,      -5.065083563,      -2.340932555,      -2.547392088,      -1.559924946,      -1.433274136
          0,           0,         356,      -5.067551073,      -2.343661236,      -2.549034325,      -1.562911475,      -1.438389757
          0,           0,         357,      -5.070151174,      -2.346503972,       -2.55080137,      -1.566006837,      -1.443617188
          0,           0,         358,      -5.072883354,       -2.34945952,      -2.552690784,      -1.569211142,      -1.448937871
          0,           0,         359,      -5.075748734,      -2.352531026,       -2.55470285,      -1.572525151,      -1.454386044
          0,           0,         360,      -5.078746139,      -2.355718531,      -2.556838312,      -1.575950192,      -1.459951743
          0,           0,         361,      -5.081871555,       -2.35902222,      -2.559095356,      -1.579487227,       -1.46560328
          0,           0,         362,      -5.085131589,      -2.362443535,      -2.561474282,      -1.583136906,      -1.471344489
          0,           0,         363,      -5.088525772,      -2.365983339,      -2.563974554,      -1.586899737,      -1.477179722
          0,           0,         364,      -5.092055327,      -2.369642598,      -2.566596513,      -1.590776344,      -1.483109886
          0,           0,         365,      -5.095719407,       -2.37342201,      -2.569340172,      -1.594767153,      -1.489137638
          0,           0,         366,      -5.099518522,      -2.377322392,      -2.572205801,      -1.598872456,      -1.495268428
          0,           0,         367,      -5.103452835,      -2.381344447,      -2.575193561,      -1.603092328,      -1.501505238
          0,           0,         368,      -5.107522997,      -2.385488815,      -2.578303722,      -1.607426575,      -1.507837158
          0,           0,         369,      -5.111729404,      -2.389756034,      -2.581536534,      -1.611874776,      -1.514260015
          0,           0,         370,      -5.116072648,      -2.394146534,      -2.584892265,      -1.616436204,      -1.520766912
          0,           0,         371,       -5.12055323,       -2.39866061,      -2.588371178,       -1.62110989,      -1.527356663
          0,           0,         372,      -5.125171587,      -2.403298336,      -2.591973527,      -1.625894617,      -1.534026024
          0,           0,         373,      -5.129927985,      -2.408059648,      -2.595699547,       -1.63078887,      -1.540773701
          0,           0,         374,      -5.134822473,      -2.412944222,      -2.599549412,      -1.635790795,       -1.54759925
          0,           0,         375,      -5.139854848,      -2.417951408,      -2.603523221,      -1.640898242,      -1.554501813
          0,           0,         376,      -5.145024589,      -2.423080211,      -2.607620965,      -1.646108738,      -1.561480877
          0,           0,         377,      -5.150330819,      -2.428329266,       -2.61184249,      -1.651419475,      -1.568534696
          0,           0,         378,      -5.155772287,      -2.433696823,      -2.616187411,      -1.656827311,      -1.575661187
          0,           0,         379,        -5.1613473,      -2.439180535,      -2.620655138,      -1.662328788,       -1.58285811
          0,           0,         380,      -5.167053816,      -2.444777763,      -2.625244847,      -1.667920161,      -1.590113072
          0,           0,         381,      -5.172889299,       -2.45048617,      -2.629955747,      -1.673597478,       -1.59740548
          0,           0,         382,      -5.178850283,        -2.4563024,      -2.634786468,      -1.679356693,      -1.604784935
          0,           0,         383,      -5.184933364,      -2.462222925,      -2.639735211,      -1.685193318,      -1.612233216
          0,           0,         384,      -5.191135582,      -2.468243928,      -2.644800169,      -1.691102601,      -1.619720312
          0,           0,         385,      -5.197452643,      -2.474361307,      -2.649979136,      -1.697080052,      -1.627271907
          0,           0,         386,      -5.203880199,      -2.480570728,      -2.655269681,       -1.70312087,      -1.634877199
          0,           0,         387,      -5.210413654,      -2.486867703,      -2.660668983,      -1.709220195,      -1.642545995
          0,           0,         388,      -5.217048736,      -2.493247637,      -2.666174122,      -1.715373234,      -1.650271254
          0,           0,         389,      -5.223780633,      -2.499705809,      -2.671781941,      -1.721575203,      -1.658040771
          0,           0,         390,       -5.23060447,      -2.506237464,      -2.677489101,      -1.727821655,      -1.665850562
          0,           0,         391,      -5.237515386,      -2.512837939,      -2.683292131,      -1.734108866,        -1.6736942
          0,           0,         392,      -5.244508663,      -2.519502553,      -2.689187464,      -1.740432068,      -1.681569584
          0,           0,         393,      -5.251579587,      -2.526226593,      -2.695171468,      -1.746786753,      -1.689474675
          0,           0,         394,       -5.25872355,      -2.533005416,      -2.701240437,      -1.753168472,      -1.697426236
          0,           0,         395,      -5.265936038,      -2.539834472,      -2.707390665,      -1.759572899,      -1.705386108
          0,           0,         396,      -5.273212567,      -2.546709164,      -2.713618463,       -1.76599588,      -1.713355265
          0,           0,         397,      -5.280548636,      -2.553624913,      -2.719920122,       -1.77243346,      -1.721332926
          0,           0,         398,      -5.287939807,      -2.560577183,      -2.726291955,      -1.778881878,      -1.729317538
          0,           0,         399,      -5.295381466,      -2.567561492,      -2.732730271,      -1.785337545,      -1.737308526
          0,           0,         400,      -5.302868974,      -2.574573476,      -2.739231373,      -1.791797076,      -1.745300359
          0,           0,         401,      -5.310397797,      -2.581608928,      -2.745791544,      -1.798257239,      -1.753290989
          0,           0,         402,      -5.317963611,      -2.588663822,        -2.7524071,       -1.80471493,      -1.761277462
          0,           0,         403,      -5.325562263,       -2.59573427,      -2.759074411,      -1.811167181,      -1.769256228
          0,           0,         404,      -5.333189826,      -2.602816553,      -2.765789924,      -1.817611193,      -1.777223128
          0,           0,         405,      -5.340842511,      -2.609907158,      -2.772550193,       -1.82404427,      -1.785173727
          0,           0,         406,      -5.348516724,      -2.617002749,      -2.779351866,       -1.83046383,      -1.793104506
          0,           0,         407,      -5.356209014,      -2.624100094,      -2.786191693,      -1.836867373,      -1.801015586
          0,           0,         408,       -5.36391603,      -2.631196115,      -2.793066522,      -1.843252551,      -1.808906797
          0,           0,         409,      -5.371634406,      -2.638287729,      -2.799973305,      -1.849617057,      -1.816775884
          0,           0,         410,      -5.379360893,      -2.645371918,      -2.806909045,      -1.855958664,      -1.824617843
          0,           0,         411,      -5.387092322,      -2.652445771,       -2.81387081,      -1.862275209,      -1.832421342
          0,           0,         412,      -5.394825564,      -2.659506471,       -2.82085573,      -1.868564785,      -1.840183782
          0,           0,         413,      -5.402557574,      -2.666551507,      -2.827861012,      -1.874826274,       -1.84790101
          0,           0,         414,      -5.410285624,      -2.673578449,      -2.834883894,      -1.881057696,      -1.855569388
          0,           0,         415,      -5.418006809,      -2.680584736,      -2.841921683,      -1.887257029,      -1.863186392
          0,           0,         416,      -5.425718557,        -2.6875679,      -2.848971783,      -1.893422792,      -1.870755356
          0,           0,         417,      -5.433418062,      -2.694525401,      -2.856031654,       -1.89955366,      -1.878275086
          0,           0,         418,      -5.441102397,      -2.701454729,      -2.863098757,      -1.905647093,      -1.885730038
          0,           0,         419,      -5.448768435,      -2.708353444,      -2.870170517,       -1.91170182,      -1.893122578
          0,           0,         420,      -5.456413141,      -2.715219238,      -2.877244334,      -1.917716792,      -1.900453164
          0,           0,         421,      -5.464033534,       -2.72204999,      -2.884317599,      -1.923690903,      -1.907713181
          0,           0,         422,      -5.471626914,      -2.728843802,      -2.891387731,      -1.929623296,      -1.914901719
          0,           0,         423,      -5.479190828,      -2.735598962,      -2.898452227,       -1.93551325,      -1.922017975
          0,           0,         424,      -5.486723045,      -2.742313926,       -2.90550868,      -1.941360179,      -1.929065917
          0,           0,         425,      -5.494221507,      -2.748987295,      -2.912554787,      -1.947163574,      -1.936039653
          0,           0,         426,      -5.501684308,       -2.75561783,       -2.91958836,      -1.952923089,      -1.942931368
          0,           0,         427,      -5.509109655,      -2.762204475,      -2.926607318,      -1.958638468,      -1.949740129
          0,           0,         428,      -5.516495927,      -2.768746301,      -2.933609684,      -1.964309568,      -1.956465047
          0,           0,         429,      -5.523841598,      -2.775242452,      -2.940593566,      -1.969936345,      -1.963105262
          0,           0,         430,      -5.531145305,      -2.781692243,      -2.947557183,      -1.975518846,      -1.969663679
          0,           0,         431,      -5.538405819,      -2.788095213,       -2.95449886,      -1.981057988,      -1.976139246
          0,           0,         432,      -5.545622126,      -2.794451122,      -2.961417025,      -1.986554921,      -1.982525174
          0,           0,         433,      -5.552793518,       -2.80075976,      -2.968310245,      -1.992009513,      -1.988822435
          0,           0,         434,      -5.559919518,      -2.807021032,      -2.975177201,      -1.997421658,      -1.995031989
          0,           0,         435,      -5.566999908,      -2.813235013,      -2.982016732,      -2.002791329,      -2.001173757
          0,           0,         436,      -5.574034308,       -2.81940163,      -2.988827839,      -2.008118654,      -2.007225405
          0,           0,         437,      -5.581022288,      -2.825520735,      -2.995609566,      -2.013403802,      -2.013183298
          0,           0,         438,      -5.587963423,      -2.831592076,      -3.002360976,      -2.018647018,       -2.01904892
          0,           0,         439,      -5.594857088,      -2.837615203,      -3.009081193,      -2.023848636,      -2.024823439
          0,           0,         440,      -5.601702153,      -2.843590654,      -3.015769298,      -2.029009027,      -2.030506349
          0,           0,         441,      -5.608497781,      -2.849517868,      -3.022424324,      -2.034128717,       -2.03609737
          0,           0,         442,      -5.615243241,      -2.855397584,      -3.029045325,      -2.039208214,       -2.04158719
          0,           0,         443,      -5.621938114,      -2.861230241,        -3.0356314,      -2.044248115,      -2.046993214
          0,           0,         444,      -5.628582203,      -2.867016003,      -3.042181736,      -2.049249111,      -2.052314387
          0,           0,         445,      -5.635175618,      -2.872755281,      -3.048695615,      -2.054212141,      -2.057609794
          0,           0,         446,      -5.641718534,      -2.878448517,      -3.055172408,      -2.059137885,      -2.062829143
          0,           0,         447,      -5.648211232,      -2.884096251,      -3.061611619,      -2.064027432,      -2.067932696
          0,           0,         448,      -5.654654057,      -2.889699066,       -3.06801281,      -2.068880668,      -2.072929097
          0,           0,         449,      -5.661047437,      -2.895257562,      -3.074375685,      -2.073698358,      -2.077830033
          0,           0,         450,      -5.667391724,      -2.900772331,       -3.08069999,      -2.078481205,      -2.082639094
          0,           0,         451,      -5.673687243,      -2.906244079,      -3.086985518,      -2.083229889,      -2.087360689
          0,           0,         452,      -5.679934341,      -2.911673444,      -3.093232122,      -2.087945093,       -2.09198482
          0,           0,         453,      -5.686133386,      -2.917061235,      -3.099439688,      -2.092627459,       -2.09653402
          0,           0,         454,      -5.692284728,      -2.922407795,      -3.105608113,      -2.097277551,      -2.101008874
          0,           0,         455,      -5.698388687,       -2.92771327,      -3.111737332,       -2.10189605,      -2.105409379
          0,           0,         456,      -5.704445538,      -2.932978347,      -3.117827322,      -2.106483566,      -2.109735187
          0,           0,         457,      -5.710455603,      -2.938203694,      -3.123878059,      -2.111040675,      -2.113985192
          0,           0,         458,      -5.716419202,      -2.943390151,      -3.129889542,      -2.115567929,      -2.118163038
          0,           0,         459,       -5.72233671,      -2.948538353,      -3.135861755,      -2.120065903,      -2.122268594
          0,           0,         460,      -5.728208703,      -2.953648377,      -3.141794718,      -2.124535142,      -2.126298514
          0,           0,         461,      -5.734035027,      -2.958721285,      -3.147688542,      -2.128978042,      -2.130256728
          0,           0,         462,      -5.739816107,      -2.963757721,      -3.153542931,      -2.133390633,       -2.13414869
          0,           0,         463,      -5.745552862,      -2.968758095,      -3.159358585,        -2.1377761,      -2.137974162
          0,           0,         464,        -5.7512453,      -2.973723007,      -3.165135445,      -2.142135324,      -2.141732142
          0,           0,         465,       -5.75689363,      -2.978652965,      -3.170873509,      -2.146468918,      -2.145427554
          0,           0,         466,      -5.762498181,      -2.983548402,      -3.176572818,      -2.150777468,      -2.149058433
          0,           0,         467,      -5.768059375,      -2.988410182,      -3.182233418,      -2.155061575,      -2.152626923
          0,           0,         468,      -5.773577688,       -2.99323894,      -3.187855459,      -2.159321881,      -2.156138193
          0,           0,         469,      -5.779053646,      -2.998035314,        -3.1934391,       -2.16355908,      -2.159594506
          0,           0,         470,       -5.78448781,        -3.0027999,      -3.198984517,      -2.167773874,      -2.162991026
          0,           0,         471,      -5.789880808,      -3.007533421,      -3.204491941,      -2.171966999,      -2.166333931
          0,           0,         472,      -5.795233337,      -3.012236682,       -3.20996164,       -2.17613921,      -2.169625899
          0,           0,         473,      -5.800546181,      -3.016910416,       -3.21539391,       -2.18029127,      -2.172880573
          0,           0,         474,      -5.805820129,      -3.021555304,      -3.220789097,      -2.184423953,      -2.176089441
          0,           0,         475,      -5.811055997,      -3.026172159,      -3.226147601,       -2.18853801,      -2.179253507
          0,           0,         476,      -5.816254612,      -3.030761785,      -3.231469854,      -2.192634164,      -2.182369585
          0,           0,         477,      -5.821416918,      -3.035325205,      -3.236756314,        -2.1967132,      -2.185445503
          0,           0,         478,      -5.826543829,        -3.0398633,      -3.242007509,      -2.200775789,      -2.188486644
          0,           0,         479,      -5.831636404,      -3.044376927,      -3.247224026,       -2.20482119,      -2.191491745
          0,           0,         480,      -5.836695576,      -3.048866606,      -3.252406457,       -2.20885155,      -2.194471692
          0,           0,         481,      -5.841722406,       -3.05333292,      -3.257555406,      -2.212867951,      -2.197435499
          0,           0,         482,      -5.846717812,      -3.057776859,       -3.26267151,      -2.216870865,      -2.200369941
          0,           0,         483,      -5.851682697,      -3.062198988,      -3.267755338,      -2.220860726,      -2.203273149
          0,           0,         484,      -5.856617886,      -3.066600035,      -3.272807542,      -2.224837944,      -2.206146138
          0,           0,         485,      -5.861524453,       -3.07098074,      -3.277828736,      -2.228802892,      -2.208989644
          0,           0,         486,      -5.866403406,       -3.07534179,      -3.282819601,      -2.232755932,      -2.211804938
          0,           0,         487,      -5.871255386,      -3.079683766,      -3.287780796,      -2.236697461,      -2.214596768
          0,           0,         488,      -5.876081059,       -3.08400642,      -3.292712938,      -2.240627869,      -2.217367893
          0,           0,         489,      -5.880881099,       -3.08831181,      -3.297616644,      -2.244548848,      -2.220159559
          0,           0,         490,      -5.885656173,      -3.092599992,      -3.302492539,      -2.248462527,      -2.222953414
          0,           0,         491,       -5.89040698,      -3.096871357,      -3.307341226,      -2.252364357,      -2.225669422
          0,           0,         492,      -5.895134112,      -3.101126479,      -3.312163301,      -2.256255502,      -2.228373334
          0,           0,         493,      -5.899838098,      -3.105366254,      -3.316959327,      -2.260136852,      -2.231146681
          0,           0,         494,      -5.904519538,      -3.109590277,      -3.321729821,      -2.264008526,      -2.233828434
          0,           0,         495,      -5.909179025,      -3.113799279,      -3.326475299,      -2.267870988,       -2.23647232
          0,           0,         496,      -5.913817098,      -3.117993851,      -3.331196265,       -2.27172464,      -2.239085231
          0,           0,         497,      -5.918434237,      -3.122174391,       -3.33589325,      -2.275569804,      -2.241679321
          0,           0,         498,      -5.923030735,      -3.126341315,      -3.340566794,      -2.279406798,      -2.244257616
          0,           0,         499,      -5.927607537,      -3.130495109,       -3.34521737,      -2.283236154,      -2.246909124
          0,           0,         500,      -5.932165682,      -3.134636161,      -3.349845543,      -2.287057846,       -2.24950765
          0,           0,         501,      -5.936705397,      -3.138764816,      -3.354451826,      -2.290872091,      -2.252067408
          0,           0,         502,      -5.941227035,      -3.142881439,      -3.359036734,      -2.294679147,      -2.254608545
          0,           0,         503,      -5.945730861,      -3.146986345,      -3.363600726,      -2.298479265,      -2.257136478
          0,           0,         504,      -5.950217208,      -3.151079819,      -3.368144243,      -2.302272731,       -2.25965285
          0,           0,         505,      -5.954686334,      -3.155162145,      -3.372667694,       -2.30605984,      -2.262160385
          0,           0,         506,       -5.95913853,      -3.159233602,      -3.377171464,      -2.309840921,      -2.264661101
          0,           0,         507,      -5.963574101,      -3.163294477,      -3.381655913,      -2.313616341,      -2.267156675
          0,           0,         508,      -5.967993396,      -3.167345083,      -3.386121382,      -2.317386499,      -2.269648471
          0,           0,         509,      -5.972396822,      -3.171385769,      -3.390568198,       -2.32115183,      -2.272137851
          0,           0,         510,      -5.976784873,      -3.175417162,      -3.394997151,       -2.32491278,      -2.274629345
          0,           0,         511,      -5.981158656,      -3.179439772,      -3.399408157,      -2.328669792,      -2.277118059
          0,           0,         512,      -5.985518662,      -3.183453757,      -3.403801566,      -2.332423374,      -2.279604636
          0,           0,         513,      -5.989864297,      -3.187459554,      -3.408177904,      -2.336173968,      -2.282092987
          0,           0,         514,      -5.994197467,      -3.191457821,      -3.412537622,      -2.339921998,      -2.284582771
          0,           0,         515,      -5.998519757,      -3.195449256,      -3.416881352,      -2.343667852,      -2.287072469
          0,           0,         516,      -6.002831891,      -3.199434527,      -3.421209656,      -2.347411822,      -2.289569915
